sloc,wmc,dit,cbo,rfc,lcom,ca,npm,lcom3,dam,moa,mfa,cam,amc,max_cc,avg_cc,bug
2384,120,1,365,288,6692,352,103,0.97547127,0.594594595,5,0,0.090084034,18.55833333,6,1.4167,1
2937,49,4,31,210,844,1,28,0.877403846,1,2,0.624,0.127314815,58.40816327,13,1.449,1
881,26,4,12,109,233,1,20,0.892,1,1,0.709302326,0.157051282,32.11538462,4,1.0769,1
598,17,1,13,73,82,8,10,0.8203125,1,0,0,0.183823529,33.70588235,3,0.9412,1
1842,56,2,51,169,1200,37,35,0.848863636,0.875,2,0.409638554,0.155844156,31.60714286,14,2.1964,1
4541,41,2,6,60,402,3,8,0.889166667,0.933333333,2,0.11627907,0.191666667,109.0243902,47,5.5854,1
1561,39,1,25,150,625,8,24,0.878718535,0.913043478,1,0,0.111111111,38.43589744,27,2.2308,1
1413,31,5,24,152,349,2,13,0.857407407,1,8,0.811688312,0.115789474,44,7,1.4839,1
1828,45,3,25,157,744,4,27,0.902097902,0.846153846,2,0.4625,0.13986014,39.04444444,19,2.2444,1
1100,46,4,39,135,17,2,40,0.883760684,1,3,0.639344262,0.074666667,22.63043478,16,1.6739,1
2328,63,3,36,267,1715,4,36,0.922939068,0.861111111,9,0.37755102,0.091642229,35.38095238,21,2.0794,1
856,23,4,13,96,181,0,16,0.715909091,1,1,0.655737705,0.227272727,35.86956522,5,1.2609,1
345,9,4,11,54,10,1,7,0.803571429,1,0,0.870967742,0.314814815,36.55555556,1,0.8889,1
741,24,4,14,85,180,0,13,0.782608696,1,0,0.710526316,0.326086957,29.54166667,7,1.625,1
379,5,2,7,69,8,1,2,1,1,0,0.857142857,0.416666667,74.4,12,3.2,1
1752,58,1,142,158,1627,134,56,0.949874687,0.642857143,1,0,0.160233918,28.96551724,17,2.6379,1
879,29,3,25,109,268,1,20,0.851190476,1,6,0.578125,0.125,28.68965517,29,3,1
968,11,1,8,75,53,7,9,0.825,0.5,0,0,0.183333333,86.27272727,17,3.1818,1
2098,35,1,32,120,417,20,24,0.927893738,0.387096774,0,0,0.290441176,58.05714286,19,2.5143,1
631,16,3,18,80,86,1,11,0.878787879,0.909090909,3,0.725490196,0.188888889,37.75,4,1.1875,1
105,7,1,5,19,21,2,7,2,0,0,0,0.2,14,8,2.4286,1
941,32,3,16,97,362,2,32,0.941935484,0.76,3,0.544117647,0.201388889,27.625,45,2.625,1
2117,23,1,17,126,161,2,5,0.770833333,0.791666667,0,0,0.148760331,90,53,4.5217,1
1224,22,4,25,172,151,1,10,0.921768707,0.285714286,2,0.787878788,0.178030303,54,12,2.2273,1
549,18,3,12,80,61,1,12,0.647058824,1,2,0.685185185,0.181818182,29.38888889,8,1.9444,1
487,7,2,11,74,15,0,2,0.722222222,0.333333333,0,0.727272727,0.367346939,68.14285714,13,3.1429,1
2704,92,3,34,261,3726,8,81,0.960245637,0.970588235,11,0.291338583,0.11247576,28.02173913,15,1.5543,1
2303,63,1,61,144,1603,51,31,0.874288425,1,2,0,0.213709677,35.01587302,35,3.2381,1
586,34,5,15,67,295,4,29,0.842975207,0.818181818,1,0.745901639,0.173202614,15.91176471,5,1.7941,1
725,15,3,10,77,41,0,12,0.785714286,1,3,0.74,0.25,46.8,2,1.2667,1
185,8,1,5,22,6,4,6,0.678571429,1,0,0,0.625,21.125,4,1.875,1
900,31,3,29,119,277,19,19,0.744444444,1,0,0.552238806,0.207885305,27.83870968,16,2.5806,1
1021,77,4,29,123,2700,14,68,0.977951636,1,6,0.506493506,0.20593692,11.77922078,14,1.7532,1
689,23,1,4,56,107,3,18,0.636363636,1,2,0,0.260869565,28.73913043,7,2.1304,1
356,18,1,14,42,113,7,12,0.890756303,0.857142857,0,0,0.268907563,18.38888889,11,1.7778,1
304,14,4,25,59,67,3,8,0.8,1,5,0.866666667,0.261538462,20.35714286,4,1.2857,1
788,30,4,10,100,271,4,16,0.891246684,1,3,0.735849057,0.216748768,24.83333333,3,1.1667,1
1139,28,3,18,132,130,3,19,0.846560847,0.928571429,2,0.596774194,0.151515152,39.17857143,6,1.6786,1
390,15,1,12,53,71,5,5,0.976190476,0.333333333,2,0,0.228571429,24.4,18,2.3333,1
260,10,3,6,38,9,0,10,0.796296296,0.833333333,1,0.804347826,0.34,24.4,16,2.7,1
493,11,3,9,54,15,1,10,0.7375,1,1,0.804347826,0.271428571,43.09090909,1,0.8182,1
1035,59,3,38,121,1145,9,57,0.728448276,1,2,0.344827586,0.061743341,16.40677966,8,1.8475,1
1038,30,1,10,104,429,2,5,1.013793103,0.8,0,0,0.108333333,33.26666667,9,1.9,1
804,12,3,15,99,18,1,8,0.826446281,1,1,0.770833333,0.277777778,65.08333333,18,4.8333,1
220,14,3,8,38,83,2,8,0.743589744,1,1,0.74,0.297619048,14.5,4,1.2143,1
397,24,4,45,68,244,41,22,0.804347826,1,1,0.736111111,0.211180124,15.375,6,1.9583,1
195,11,6,6,34,39,0,7,0.9,1,1,0.944785276,0.3,16.18181818,5,1.2727,1
1046,24,4,13,103,176,1,18,0.808184143,1,1,0.772277228,0.175,41.875,6,1.4167,1
457,21,4,15,72,54,1,16,0.835,0.9,2,0.804123711,0.194444444,20.28571429,3,1,1
344,17,2,9,51,28,5,12,0.546875,1,2,0.792207792,0.294117647,18.76470588,5,2.1176,1
1254,44,4,28,137,774,4,31,0.923341947,0.962962963,9,0.65,0.127906977,26.88636364,5,1.2045,1
388,7,1,4,41,15,1,6,0.833333333,0.333333333,0,0,0.2,54,3,1.2857,1
712,25,1,15,108,244,0,15,0.81547619,1,4,0,0.178030303,26.92,8,1.48,1
498,15,4,13,87,69,0,10,0.826530612,1,0,0.847826087,0.233333333,31.73333333,7,1.4667,1
75,4,4,11,20,0,2,2,0,1,1,0.933333333,0.4375,17.5,3,1.5,1
1542,27,4,13,118,265,0,12,0.895604396,1,3,0.75,0.177777778,55.59259259,10,2.963,1
837,48,4,25,112,962,8,44,0.965045593,0.678571429,4,0.629032258,0.155319149,15.85416667,7,1.375,1
1152,60,3,35,178,1304,10,43,0.891326022,1,5,0.389473684,0.098245614,17.91666667,5,1.3167,1
26,1,1,0,2,0,0,0,2,0,0,0,1,3,0,0,1
130,4,2,9,22,6,1,4,1.285714286,0,0,0.8125,1,29.75,1,0.75,1
455,20,4,9,56,150,0,15,0.956140351,0.611111111,2,0.769230769,0.289473684,20.85,6,1.3,1
1031,40,5,30,121,622,6,36,0.886946387,0.863636364,6,0.493506494,0.115625,24.225,21,2.35,1
1270,31,4,29,104,347,4,20,0.861111111,1,5,0.719626168,0.122983871,39.38709677,19,2,1
644,31,1,81,71,311,78,27,0.75,1,0,0,0.176190476,19.64516129,16,2.1935,1
206,20,3,9,46,160,0,17,0.859649123,1,0,0.672727273,0.263157895,9,2,1.05,1
877,25,2,18,117,230,2,14,0.958333333,0.789473684,0,0.571428571,0.222222222,33.32,5,1.64,1
811,26,3,12,85,217,7,19,0.777142857,0.785714286,1,0.555555556,0.21978022,29.65384615,7,1.9615,1
515,20,3,18,70,136,1,13,0.824561404,1,5,0.672727273,0.167464115,24.15,7,1.45,1
1212,42,1,24,109,653,6,30,0.899825784,1,3,0,0.146341463,27.19047619,40,2.2619,1
167,2,2,8,21,1,1,2,1.625,0,0,0.928571429,1,78.5,1,0.5,1
1167,25,1,26,103,134,10,3,0.77173913,1,9,0,0.226190476,44.76,29,4.68,1
182,6,4,9,32,9,0,3,0.2,1,1,0.910714286,0.357142857,29.16666667,3,1.5,1
292,6,3,6,33,3,0,6,0.75,1,1,0.880952381,0.333333333,47,14,3.1667,1
185,9,3,5,26,16,0,7,0.75,1,0,0.8,0.388888889,19,2,1,1
345,20,1,4,40,130,0,18,0.736842105,1,1,0,0.284210526,15.9,3,1.15,1
41,3,4,5,11,1,1,1,0.5,1,1,0.971428571,0.75,12.33333333,3,1,1
483,16,3,15,65,76,0,13,0.92,1,0,0.725490196,0.311111111,28.25,9,1.5625,1
1286,27,3,8,101,157,5,15,0.824786325,0.888888889,1,0.294117647,0.183760684,45.62962963,4,1.1111,1
137,17,5,9,34,118,2,17,0.975,0.5,1,0.905882353,0.270588235,6.470588235,2,1.0588,1
128,2,3,9,20,1,2,1,2,0,0,0.987179487,0.625,63,9,4.5,1
920,43,3,25,120,451,9,30,0.893374741,1,5,0.480519481,0.146825397,19.86046512,15,1.5116,1
187,4,1,7,20,4,4,2,0.888888889,0.333333333,0,0,0.5,45,9,3.5,1
207,17,5,6,35,130,0,12,0.991071429,1,0,0.869918699,0.352941176,10.76470588,3,1.1765,1
405,27,2,11,53,229,8,23,0.802197802,1,0,0.5,0.138047138,13.74074074,6,1.5185,1
303,12,3,14,58,0,0,11,0.606060606,1,1,0.770833333,0.226190476,24,3,1.25,1
143,19,1,9,21,145,4,18,0.954861111,1,3,0,0.230263158,5.684210526,1,0.9474,1
710,34,4,10,92,39,0,29,0.723484848,1,2,0.643678161,0.148484848,19.64705882,5,1.9118,1
7,7,1,16,7,21,15,7,2,0,0,0,1,0,1,1,1
488,14,5,7,49,7,1,7,0.735042735,1,0,0.7,0.25,33.21428571,12,1.7857,1
384,14,3,17,48,41,1,11,0.769230769,1,2,0.74,0.261904762,25.92857143,26,3,1
260,7,3,9,39,1,0,7,0.708333333,1,2,0.860465116,0.285714286,35.57142857,1,0.8571,1
566,9,1,5,57,34,2,2,1.083333333,0.222222222,0,0,0.303571429,60.88888889,2,0.8889,1
83,6,5,8,21,15,2,5,2,0,0,0.955357143,0.416666667,12.83333333,3,1.1667,1
905,14,1,30,96,87,8,10,0.884615385,1,2,0,0.192307692,63.5,10,1.7143,1
236,6,2,4,34,11,0,5,0.6,0.333333333,1,0.827586207,0.666666667,37.83333333,6,1.6667,1
16,1,1,0,2,0,0,1,2,0,0,0,1,3,0,0,1
783,22,3,12,71,163,1,17,0.867346939,1,5,0.649122807,0.25170068,33.95454545,22,2.6818,1
233,13,3,12,42,54,5,8,0.791666667,1,1,0.714285714,0.261538462,16.61538462,6,2,1
279,11,4,8,45,15,1,11,0.566666667,0.666666667,2,0.85483871,0.327272727,24.09090909,10,2.5455,1
450,13,2,8,49,54,1,7,0.84375,1,0,0.727272727,0.346153846,33,6,1.3077,1
193,5,3,7,26,6,2,5,1.05,1,0,0.882352941,0.533333333,36.6,5,1.6,1
210,7,4,3,26,9,1,7,0.916666667,0.666666667,0,0.928571429,0.642857143,28.14285714,13,3.4286,1
33,4,3,5,7,0,3,4,0.833333333,0.5,0,0.909090909,0.583333333,6.75,2,1,1
348,17,3,18,53,86,4,14,0.892045455,1,2,0.698113208,0.155080214,18.82352941,8,2.2353,1
202,13,3,9,36,62,2,8,0.638888889,1,1,0.755102041,0.307692308,14.30769231,5,1.5385,1
1004,18,1,10,47,145,8,15,0.794117647,1,2,0,0.18487395,54.66666667,47,6.7778,1
791,9,4,10,64,22,1,1,2,0,0,0.909090909,0.703703704,86.88888889,23,4.8889,1
381,12,1,4,41,0,3,3,0.76969697,1,0,0,0.818181818,29.5,3,1.6667,1
623,13,4,6,72,22,0,8,0.898809524,0.571428571,2,0.876404494,0.273809524,45.84615385,1,0.8462,1
400,13,1,27,23,68,25,12,0.929166667,0.4,0,0,0.708333333,28.23076923,50,4.5385,1
573,21,4,15,76,152,5,16,0.833333333,0.888888889,2,0.672131148,0.178571429,25.85714286,23,3.1905,1
90,9,3,5,18,14,1,8,0.8125,1,1,0.840909091,0.40625,8.333333333,1,0.7778,1
204,28,4,23,45,348,5,28,0.037037037,1,0,0.564516129,0.079192547,6.25,4,1.2143,1
85,4,3,6,15,2,0,4,0.888888889,1,0,0.833333333,0.5,19.5,6,2,1
528,28,1,34,63,200,29,24,0.805555556,1,2,0,0.219387755,17.57142857,8,1.8571,1
620,21,1,2,36,38,2,17,0.631818182,0.818181818,0,0,0.293650794,28,3,0.8571,1
76,10,1,3,13,31,1,10,0.703703704,1,1,0,0.375,6.3,2,1.1,1
1021,34,3,112,112,461,101,28,0.803030303,0.5,3,0.491803279,0.127705628,28.91176471,7,2.2353,1
469,15,3,3,39,41,1,14,0.704081633,0.785714286,1,0.454545455,0.311111111,29.33333333,1,0.8,1
404,9,2,6,50,24,2,5,0.85,1,0,0.6875,0.458333333,43.33333333,2,0.6667,1
147,8,6,7,31,16,0,4,0.80952381,1,1,0.9625,0.357142857,17,2,0.875,1
186,7,1,4,24,0,0,6,0.566666667,1,1,0,0.619047619,24.85714286,6,2.2857,1
353,9,1,17,39,10,6,8,0.875,0.25,1,0,0.277777778,37.33333333,3,1.1111,1
778,31,3,15,109,365,0,27,0.888095238,1,2,0.552238806,0.114919355,23.64516129,22,2.2903,1
314,11,1,4,36,51,4,8,1.01,0.6,0,0,0.22,26.63636364,4,1.3636,1
182,10,1,5,18,21,5,8,0.728395062,1,0,0,0.34,16.3,7,1.5,1
526,26,3,8,60,225,1,20,0.872727273,1,2,0.606557377,0.24,18.80769231,10,1.3077,1
682,16,1,12,75,50,0,12,0.937037037,1,1,0,0.288888889,40.5,9,2.875,1
1020,34,3,9,106,435,0,15,0.933014354,0.947368421,3,0.536231884,0.188552189,28.44117647,46,3.0588,1
298,5,3,9,44,8,1,3,0.625,1,0,0.842105263,0.542857143,57.8,1,0.6,1
57,4,2,4,17,0,0,4,0.333333333,1,0,0.842105263,0.875,13,5,1.75,1
212,7,3,10,46,9,1,4,0.733333333,0.6,0,0.860465116,0.285714286,28.57142857,4,2,1
800,25,5,14,91,196,3,16,0.878205128,1,1,0.701298701,0.21875,30.48,6,1.68,1
241,3,2,3,36,3,1,1,2,0,0,0.882352941,0.666666667,79.33333333,18,6.3333,1
125,6,1,4,15,15,3,5,2,0,0,0,0.4,19.83333333,1,0.8333,1
776,35,1,8,73,353,6,34,0.807189542,0.777777778,0,0,0.16,20.65714286,4,1.2,1
112,7,1,3,22,0,3,6,0.708333333,0.75,0,0,0.476190476,14.42857143,4,1.4286,1
191,27,3,25,41,321,2,27,0,1,0,0.535714286,0.084656085,6.037037037,4,1.1852,1
154,10,1,3,11,15,3,10,0.333333333,1,0,0,0.32,14.3,4,1,1
310,15,3,10,47,39,4,11,0.547619048,1,0,0.681818182,0.222222222,19.46666667,7,1.8667,1
898,42,3,19,107,739,4,33,0.928861789,0.958333333,2,0.474358974,0.193121693,19.80952381,10,1.619,1
460,25,1,10,53,224,1,17,0.720238095,1,1,0,0.2,17.12,5,1.84,1
616,16,1,8,76,0,3,16,0.883333333,0.25,1,0,0.166666667,36.5,8,1.5625,1
2106,27,2,6,46,53,3,4,0.74009324,1,2,0.257142857,0.209876543,75.77777778,9,1.4815,1
380,11,3,6,53,23,0,9,0.833333333,0.888888889,1,0.804347826,0.36,32.72727273,1,0.8182,1
121,10,1,8,11,15,8,10,0.333333333,1,0,0,0.4,11,4,1,1
213,12,5,3,39,58,1,11,0.690909091,1,0,0.975429975,0.4,16.33333333,2,1,1
98,13,3,8,26,0,0,12,0.611111111,1,2,0.47826087,0.282051282,6.307692308,1,0.9231,1
336,8,3,10,45,2,1,8,0.714285714,1,1,0.840909091,0.35,40.25,2,1.125,1
12,2,4,3,4,1,1,1,2,0,0,0.971428571,0.75,5,1,0.5,1
538,15,3,5,42,69,3,15,0.669642857,1,2,0.6,0.247619048,34.33333333,1,0.8,1
305,18,5,11,60,39,0,16,0.607843137,1,1,0.862903226,0.268518519,15.77777778,4,1.2222,1
68,4,2,6,14,2,1,4,0.666666667,1,1,0.75,0.5,15.5,1,0.75,1
461,17,2,17,85,74,7,4,0.7875,1,5,0.53125,0.15625,25.82352941,1,0.8824,1
183,16,1,14,26,82,12,9,0.733333333,1,1,0,0.546875,10.0625,2,1,1
519,18,3,8,52,101,2,9,0.861344538,0.928571429,2,0.685185185,0.194444444,27.05555556,7,1.5,1
250,3,2,8,43,3,2,1,2,0,0,0.9,0.555555556,82.33333333,9,3.3333,1
807,35,3,13,93,519,4,25,0.909090909,1,3,0.536231884,0.171428571,21.74285714,7,1.4,1
91,12,2,8,25,0,2,10,0.363636364,1,2,0.45,0.277777778,6.416666667,2,1,1
1196,32,2,16,140,400,3,23,0.970588235,0.852941176,2,0.516129032,0.218637993,35.3125,28,2.625,1
515,25,1,20,71,182,12,22,0.819444444,1,1,0,0.179166667,19.12,11,1.84,1
179,4,4,9,36,0,0,3,0.866666667,0.6,1,0.952380952,0.5,42.5,6,2,1
402,15,2,7,49,75,2,9,0.75,1,0,0.578947368,0.325925926,25.53333333,1,0.5333,1
386,18,1,24,68,151,18,17,1.044117647,0.125,0,0,0.152777778,20,4,1.5,1
305,8,1,7,33,0,0,8,0.714285714,0.25,0,0,0.9375,36.625,5,3,1
216,5,2,8,34,8,1,3,0.5,1,0,0.884615385,1,42,11,3.4,1
106,3,1,10,18,3,1,1,1.1,0,0,0,0.444444444,32.66666667,1,0.6667,0
76,5,2,4,13,0,1,4,0.625,1,1,0.7,0.5,13.4,1,0.6,0
7,1,2,1,3,0,0,1,2,0,0,1,1,6,0,0,0
101,8,1,13,20,12,9,8,0.8,0.2,1,0,0.40625,11,1,0.875,0
16,3,2,7,4,1,6,2,0.5,1,0,0.75,0.555555556,4,1,0.6667,0
183,13,1,7,28,20,2,12,0.80952381,1,2,0,0.3,12.53846154,7,1.3846,0
119,9,1,5,19,8,4,9,0.53125,1,0,0,0.518518519,11.77777778,3,1.4444,0
255,7,5,9,25,0,6,7,0.666666667,0,0,0.863636364,0.342857143,34.85714286,9,3.1429,0
71,9,6,5,17,26,0,6,0.833333333,0,0,0.949367089,0.333333333,6.555555556,3,1.1111,0
38,3,2,19,10,3,14,3,2,0,0,0.923076923,0.583333333,11.66666667,1,0.3333,0
1,1,1,10,1,0,8,1,2,0,0,0,1,0,1,1,0
54,9,1,3,12,20,1,8,0.8125,1,3,0,0.375,4.555555556,1,0.7778,0
252,19,4,7,40,129,0,16,0.936507937,0.5,0,0.727272727,0.381578947,11.52631579,6,1.3158,0
110,10,4,13,26,0,7,9,0.111111111,1,1,0.795454545,0.26,9.9,3,1.6,0
34,3,2,2,5,0,1,3,0,1,1,0.818181818,0.5,10,1,0.6667,0
835,20,1,7,79,136,5,10,0.897506925,1,1,0,0.19375,39.8,10,1.95,0
6,6,1,8,6,15,7,6,2,0,0,0,0.444444444,0,1,1,0
70,5,2,7,14,6,0,4,0.625,1,0,0.692307692,0.8,12.6,4,1.4,0
1,1,1,1,1,0,0,1,2,0,0,0,1,0,1,1,0
181,11,2,7,26,0,5,11,0.58,1,0,0.529411765,0.409090909,15,1,0.7273,0
51,3,4,5,15,3,0,2,2,0,0,0.978494624,0.666666667,16,2,1,0
29,3,2,5,7,1,1,3,0.5,1,0,0.818181818,0.666666667,8.333333333,1,0.6667,0
18,4,4,12,5,0,8,3,0.333333333,1,1,0.921052632,0.4375,3.25,1,0.75,0
443,15,1,11,65,75,0,11,0.693877551,1,0,0,0.295238095,28.06666667,5,1.6,0
309,11,3,3,24,17,0,10,0.671428571,1,0,0.787234043,0.545454545,26.45454545,11,1.9091,0
7,2,3,1,3,1,1,2,2,0,0,0.947368421,0.75,2.5,1,0.5,0
204,15,3,9,41,0,0,15,0.678571429,1,1,0.725490196,0.225,12.33333333,2,1.5333,0
108,14,4,11,29,85,3,11,0.576923077,1,1,0.759259259,0.321428571,6.571428571,4,1.2857,0
249,5,4,8,23,4,4,5,0.75,1,0,0.927272727,0.8,48.2,1,0.8,0
4,3,1,2,3,3,2,3,1.5,0,0,0,0.666666667,0,1,1,0
57,4,5,5,19,6,0,4,2,0,0,0.978494624,0.625,13.25,2,1,0
53,6,1,2,11,3,1,4,0.6,1,0,0,0.666666667,7.5,1,0.8333,0
1133,55,3,20,106,1313,8,9,0.956552707,1,2,0.406593407,0.195454545,19.12727273,10,1.8545,0
136,3,2,4,19,3,0,2,2,0,0,0.8,0.666666667,44.33333333,2,1,0
169,8,1,4,22,0,0,6,0.428571429,1,0,0,0.625,19.875,7,1.625,0
136,11,2,1,23,39,1,10,0.483333333,1,0,0.454545455,0.348484848,10.81818182,1,0.5455,0
91,10,1,10,29,43,7,8,0.833333333,0.5,1,0,0.2,7.9,3,1.2,0
4,1,3,1,2,0,0,1,2,0,0,1,1,3,0,0,0
72,3,2,12,22,3,2,2,1.5,0,0,0.866666667,1,22.66666667,1,0.6667,0
281,9,1,32,36,36,32,7,1.104166667,0.833333333,0,0,0.25,29.55555556,11,3,0
43,7,1,24,8,3,24,7,0.666666667,1,0,0,0.714285714,4.714285714,1,0.8571,0
130,9,1,4,19,30,1,7,0.5,1,0,0,0.666666667,13.33333333,4,1.2222,0
56,6,3,20,13,7,17,3,0.4,1,1,0.733333333,0.433333333,8,1,0.6667,0
2,2,1,6,2,1,6,2,2,0,0,0,0.666666667,0,1,1,0
365,22,3,5,47,159,0,19,0.904761905,1,1,0.649122807,0.361904762,14.81818182,9,1.3636,0
245,10,2,3,30,27,1,5,0.761904762,1,1,0.357142857,0.283333333,22.8,2,1,0
271,22,2,37,44,183,31,7,0.523809524,1,1,0.3,0.198863636,11.22727273,3,1.3182,0
19,2,3,3,4,1,1,1,2,0,0,0.9375,1,8,1,0.5,0
16,3,1,3,6,3,1,2,2,0,0,0,0.333333333,4.333333333,1,0.6667,0
76,4,3,3,16,2,0,4,0.666666667,1,0,0.925,0.5,17.5,3,1.25,0
76,11,3,8,26,0,0,11,0,1,1,0.787234043,0.287878788,5.818181818,1,0.9091,0
105,5,5,8,16,0,5,3,0.583333333,1,1,0.931818182,0.583333333,19.4,9,2.2,0
241,5,1,3,41,10,1,4,2,0,0,0,0.36,47.2,7,4.2,0
218,7,1,3,26,0,1,7,0.5,1,0,0,0.476190476,29.57142857,5,2.2857,0
157,4,1,6,33,0,1,2,0.333333333,1,1,0,0.533333333,37.5,2,0.75,0
141,5,3,6,26,0,0,4,0.375,1,0,0.902439024,0.466666667,26.8,1,0.8,0
67,3,2,1,10,0,0,1,0,1,1,0.714285714,0.666666667,20.33333333,1,0.6667,0
52,6,1,3,10,0,0,6,0.4,1,1,0,0.375,7.333333333,2,1,0
77,4,5,7,15,0,6,4,0.333333333,1,0,0.953846154,0.4375,18,5,2,0
19,4,1,2,6,0,0,4,0.333333333,1,0,0,0.625,3.5,1,0.75,0
145,9,1,4,32,34,1,0,0.9375,1,1,0,0.481481481,14.88888889,1,0.8889,0
329,8,5,11,31,0,6,8,0.693877551,0.571428571,1,0.844444444,0.25,39.25,19,4.625,0
566,15,4,14,83,47,0,8,0.821428571,1,1,0.857142857,0.244897959,36.2,4,1.2,0
1,1,1,3,1,0,3,1,2,0,0,0,1,0,1,1,0
878,17,1,8,67,90,7,13,0.703125,1,1,0,0.29375,50.17647059,11,2.5294,0
250,24,4,7,50,270,2,20,0.434782609,1,1,0.706666667,0.162037037,9.375,5,1.375,0
106,4,1,8,20,0,4,4,0.777777778,1,1,0,0.625,24.75,5,1.75,0
166,10,3,8,32,15,2,10,0.666666667,1,1,0.769230769,0.3,15.3,3,1.4,0
1,1,1,4,1,0,3,1,2,0,0,0,1,0,1,1,0
249,10,4,15,36,3,6,10,0.583333333,1,2,0.795454545,0.266666667,23.5,7,2.4,0
240,11,4,12,41,19,3,9,0.816666667,0.666666667,0,0.811320755,0.290909091,20.27272727,4,1.2727,0
156,12,1,3,22,44,1,5,0.805194805,1,1,0,0.261904762,11.41666667,4,1.25,0
33,2,3,3,8,1,1,2,2,0,0,0.96969697,1,15.5,1,0.5,0
258,7,3,4,38,0,0,3,0.833333333,1,1,0.880952381,0.444444444,35.28571429,1,0.7143,0
4,4,1,6,4,6,5,4,2,0,0,0,0.5,0,1,1,0
42,4,4,5,8,4,2,3,0.833333333,1,1,0.944444444,0.583333333,9,2,1,0
361,21,4,9,55,162,4,18,0.71,1,1,0.768115942,0.19375,15.95238095,6,1.619,0
55,4,4,3,12,0,0,3,0.666666667,1,0,0.933333333,0.625,12.25,4,1.5,0
455,12,3,11,75,44,1,7,0.936363636,0.5,0,0.770833333,0.236111111,36.08333333,4,1.75,0
10,6,1,9,6,15,8,6,1.2,0,0,0,0.722222222,0,1,1,0
52,3,5,7,14,3,6,3,2,0,0,0.96875,0.555555556,16.33333333,3,1.6667,0
115,7,2,5,27,0,1,7,0.5,1,0,0.6,0.476190476,15.14285714,4,1.2857,0
605,11,2,11,39,7,9,10,0.960606061,1,1,0.583333333,0.25974026,51,15,2.9091,0
654,17,1,2,81,100,1,9,0.7125,0.8,0,0,0.274509804,37.17647059,7,2.0588,0
103,2,2,17,14,0,13,2,0,0,1,0.875,0.666666667,50,1,0.5,0
311,15,3,25,44,45,16,13,0.619047619,1,3,0.681818182,0.216666667,19.33333333,6,1.8667,0
375,29,2,184,66,346,181,19,0.839285714,1,3,0.243243243,0.191570881,11.72413793,5,1.3448,0
45,4,1,2,13,6,1,4,2,0,0,0,0.625,10.25,2,1,0
148,7,1,15,23,5,7,6,0.444444444,1,2,0,0.523809524,19.71428571,3,1.1429,0
1034,19,4,8,84,103,0,14,0.929487179,1,1,0.821052632,0.26984127,52.05263158,1,0.8947,0
5,1,3,1,2,0,0,1,2,0,0,1,1,4,0,0,0
197,8,5,10,23,0,6,8,0.761904762,0.5,0,0.844444444,0.35,22.875,6,2.25,0
286,15,1,7,34,75,2,11,0.9,0.7,0,0,0.208333333,17.4,5,1.5333,0
163,6,1,8,22,15,3,3,0.8,0,0,0,0.305555556,25.83333333,4,1.3333,0
111,4,3,3,18,4,0,3,1,1,0,0.925,0.75,26.25,2,1,0
48,2,1,2,8,1,1,2,2,0,0,0,0.5,23,1,0.5,0
48,0,1,1,0,0,1,0,2,0,0,0,0,0,0,0,0
309,24,4,7,43,222,0,20,0.943734015,0.529411765,0,0.676056338,0.375,11.16666667,8,1.375,0
14,3,1,1,4,1,1,3,0.5,1,0,0,0.666666667,3.333333333,1,0.6667,0
161,4,4,3,7,0,1,4,0,1,0,0.928571429,0.75,38.5,1,0.5,0
40,1,7,1,7,0,0,1,2,0,0,1,1,37,0,0,0
125,4,2,8,10,0,6,4,0.333333333,1,0,0.75,0.5,29.5,2,1,0
204,3,1,3,18,0,2,3,0.25,1,0,0,0.666666667,65.66666667,2,1,0
22,4,4,15,7,4,12,3,0.666666667,1,1,0.928571429,0.5,4.25,1,0.5,0
143,8,4,9,24,8,2,6,0.742857143,1,3,0.853658537,0.428571429,16.25,4,1.5,0
159,9,2,4,19,10,1,6,0.729166667,1,1,0.529411765,0.277777778,16,3,1.1111,0
27,3,4,4,9,3,1,3,2,0,0,0.972222222,0.555555556,8,3,1,0
678,22,3,13,80,59,0,17,0.977443609,1,1,0.637931034,0.477272727,28.95454545,8,1.8182,0
202,11,4,8,38,45,2,6,0.775,1,0,0.896551724,0.285714286,17,6,1.7273,0
87,4,4,4,13,0,1,4,0,1,0,0.928571429,0.75,20.5,1,0.5,0
234,12,1,2,42,0,1,12,0.386363636,1,0,0,0.444444444,18.16666667,4,1.5833,0
39,5,1,2,7,4,2,0,0.5,1,0,0,0.7,6.2,1,0.6,0
213,12,5,10,52,60,2,10,0.545454545,1,0,0.873417722,0.277777778,16.66666667,4,1.4167,0
5,5,1,31,5,10,31,5,2,0,0,0,0.533333333,0,1,1,0
517,19,1,23,69,81,11,14,0.856481481,1,4,0,0.183333333,25.57894737,6,1.8421,0
49,4,2,1,15,6,0,1,1.333333333,1,0,0.842105263,1,11,1,0.75,0
6,1,4,1,3,0,1,1,2,0,0,1,1,5,0,0,0
20,2,4,2,4,1,0,1,2,0,0,0.971428571,0.75,9,3,1.5,0
76,3,1,2,13,1,1,3,1.441176471,0.058823529,1,0,0.5,18.66666667,4,1.6667,0
106,7,3,12,26,9,3,4,1.041666667,0.375,0,0.860465116,0.428571429,13,3,1.1429,0
2,1,1,1,1,0,1,1,2,0,0,0,1,0,1,1,0
205,6,4,9,33,0,0,6,0.68,1,1,0.939759036,0.416666667,32.33333333,1,0.8333,0
97,11,2,17,15,13,15,11,0.75,1,3,0.2,0.220779221,7.272727273,1,0.7273,0
48,2,2,3,13,1,1,2,2,0,0,0.875,0.75,23,5,2.5,0
290,25,1,13,59,248,9,20,0.875,1,1,0,0.173333333,10.36,6,1.4,0
40,3,2,5,12,3,1,1,2,0,0,0.857142857,0.666666667,12.33333333,1,0.6667,0
30,3,2,4,6,0,1,3,0,1,0,0.818181818,0.666666667,8.666666667,2,1,0
122,7,3,11,28,0,2,7,0.25,1,0,0.833333333,0.285714286,16.14285714,1,0.8571,0
27,3,4,4,9,3,1,3,2,0,0,0.972222222,0.555555556,8,3,1,0
2064,1,1,2,1,0,2,0,2,0,0,0,0,2052,0,0,0
95,8,4,6,26,22,0,6,0.571428571,1,0,0.928571429,0.40625,10.75,2,1,0
341,12,1,8,34,26,6,6,0.651515152,1,0,0,0.3125,26.91666667,1,0.8333,0
86,7,1,5,16,0,0,6,0.5,1,0,0,0.642857143,11,1,0.8571,0
58,2,3,3,15,1,0,0,2,0,0,0.952380952,0.666666667,28,1,0.5,0
1,1,1,26,1,0,25,1,2,0,0,0,1,0,1,1,0
575,21,1,14,47,124,10,18,0.7,0.857142857,0,0,0.325396825,26.04761905,10,2.619,0
48,5,3,6,12,2,4,5,0.625,1,0,0.902439024,0.466666667,8.2,1,0.8,0
331,13,2,8,37,60,1,7,0.833333333,1,0,0.56,0.416666667,24.07692308,4,1.3077,0
94,6,4,5,25,15,0,5,2,0,0,0.947916667,0.833333333,14.66666667,3,1.1667,0
0,0,1,4,0,0,2,0,2,0,0,0,0,0,0,0,0
94,5,4,6,17,6,2,5,0.75,1,0,0.927272727,0.6,17.4,3,1.2,0
182,3,1,12,38,3,1,2,1.5,0,0,0,0.833333333,59.33333333,12,4.3333,0
559,39,1,21,94,461,11,33,0.786842105,1,6,0,0.153846154,13.07692308,7,1.6923,0
162,4,4,4,20,0,1,4,0.777777778,0.666666667,0,0.928571429,0.75,38.75,1,0.5,0
263,20,4,7,42,148,0,15,0.918660287,0.545454545,0,0.71641791,0.3875,11.6,6,1.4,0
4,1,4,1,2,0,0,1,2,0,0,1,1,3,0,0,0
103,9,1,63,15,14,61,9,0.4375,1,1,0,0.555555556,10.22222222,1,0.6667,0
212,10,5,6,29,0,1,7,0.688888889,1,0,0.777777778,0.3,19.7,5,1.2,0
104,6,5,8,21,0,5,6,0.6,0.5,0,0.88372093,0.333333333,16,4,1.6667,0
129,10,3,2,20,21,0,9,0.6,1,0,0.804347826,0.4,11.4,1,0.9,0
62,5,3,18,12,10,16,4,2,0,0,0.882352941,0.533333333,11.4,5,2,0
20,2,4,2,4,1,0,1,2,0,0,0.971428571,0.75,9,3,1.5,0
126,7,5,4,18,0,1,5,0.708333333,1,0,0.848484848,0.476190476,16.42857143,5,1.2857,0
346,2,2,8,34,1,1,2,2,0,0,0.958333333,1,172,1,0.5,0
3,3,1,69,3,3,69,3,2,0,0,0,1,0,1,1,0
74,6,5,1,12,15,1,6,2,0,0,0.954545455,0.5,11.33333333,3,1.8333,0
1220,33,2,15,130,434,2,23,0.940848214,0.928571429,2,0.507936508,0.328125,35.12121212,26,2.5152,0
90,5,3,4,15,4,0,5,0.75,1,0,0.902439024,0.533333333,16.4,1,0.8,0
111,3,1,11,28,3,1,2,1.5,0,0,0,0.833333333,35.66666667,7,2.6667,0
73,2,2,2,15,1,0,2,2,0,0,0.875,0.75,35.5,6,3,0
7,1,5,1,3,0,0,1,2,0,0,1,1,6,0,0,0
164,4,4,6,29,6,0,1,1.166666667,0.5,0,0.942307692,1,39.5,7,2.5,0
502,4,1,2,7,4,2,3,0.666666667,0.5,0,0,0.555555556,124,4,1.25,0
269,13,1,12,37,56,4,4,0.770833333,1,2,0,0.205128205,19.38461538,7,1.3846,0
84,4,4,3,11,0,0,4,0,1,0,0.945945946,0.4375,19.75,12,3.25,0
8,3,1,5,3,3,4,3,1.5,0,0,0,0.666666667,0,1,1,0
83,3,4,3,19,3,0,1,2,0,0,0.956521739,0.666666667,26.66666667,4,2,0
1,1,1,4,1,0,4,1,2,0,0,0,1,0,1,1,0
36,4,1,5,10,0,1,4,0.333333333,1,0,0,0.4375,7.75,1,0.75,0
106,6,4,3,20,15,0,5,2,0,0,0.936708861,0.555555556,16.66666667,4,1.3333,0
27,4,2,5,9,0,5,4,0.333333333,1,0,0.666666667,0.625,5.5,1,0.75,0
24,24,1,24,24,276,4,24,2,0,0,0,0.089285714,0,1,1,0
161,15,1,3,29,55,3,15,0.696428571,1,1,0,0.293333333,9.466666667,3,1.3333,0
69,5,1,9,13,0,8,5,0,1,0,0,0.533333333,12.6,3,1.2,0
120,3,1,2,21,1,0,2,0.5,1,0,0,0.666666667,38.33333333,6,3,0
419,14,1,10,53,0,8,14,0.423076923,1,0,0,0.285714286,28.78571429,7,3.6429,0
392,26,4,7,50,271,0,20,0.955789474,0.473684211,0,0.657534247,0.384615385,13.34615385,9,1.5,0
5,5,1,7,5,10,6,5,2,0,0,0,0.4,0,1,1,0
241,17,4,7,39,100,0,14,0.9375,0.461538462,0,0.75,0.382352941,12.41176471,7,1.4118,0
224,11,3,4,29,17,0,8,0.771428571,1,1,0.804347826,0.4,18.72727273,3,1,0
133,8,1,6,24,0,1,6,0.523809524,1,0,0,0.325,15.25,6,2,0
77,5,2,8,16,8,1,1,0.875,0.5,0,0.571428571,0.4375,14,2,0.8,0
51,6,1,2,11,3,1,6,0.6,1,0,0,0.666666667,7.166666667,1,0.8333,0
328,10,5,5,30,0,1,6,0.688888889,1,1,0.777777778,0.375,30.8,12,2.3,0
115,4,2,3,26,0,0,1,1,1,0,0.727272727,0.625,27,1,0.75,0
199,13,5,9,34,68,6,12,0.75,1,0,0.837837838,0.292307692,14.15384615,5,2.1538,0
251,3,2,1,17,0,0,1,0.96875,1,0,0.888888889,0.5,77.33333333,11,5.3333,0
58,3,1,1,7,0,1,3,0,1,0,0,0.666666667,17.66666667,4,1.6667,0
195,6,2,9,16,11,1,5,0.95,0.583333333,11,0.727272727,0.4,29.5,3,1,0
189,13,3,24,45,46,13,9,1.020833333,0.3,0,0.770833333,0.375,12,3,1,0
184,13,4,7,37,66,0,9,0.875,0.5,0,0.8,0.512820513,12.84615385,4,1.3846,0
133,8,3,7,25,12,0,8,0.880952381,1,2,0.840909091,0.270833333,14.875,3,1.625,0
156,3,1,6,17,0,1,2,1.142857143,1,1,0,0.583333333,46.33333333,9,4.3333,0
34,4,4,4,7,0,0,3,0,1,0,0.918918919,0.5,7.25,2,1,0
125,20,1,5,21,130,3,20,0.852631579,1,0,0,0.36,5,4,1.05,0
463,16,1,29,40,72,27,11,0.929166667,0.5625,1,0,0.177777778,26.9375,5,1.9375,0
15,1,1,0,2,0,0,1,2,0,0,0,1,3,0,0,0
1,1,1,7,1,0,4,1,2,0,0,0,1,0,1,1,0
271,8,1,1,14,28,1,8,2,0,0,0,0.45,32.875,7,2.875,0
7,0,1,1,0,0,1,0,2,0,0,0,0,0,0,0,0
74,5,1,6,10,0,2,4,0.9,0.6,3,0,0.583333333,12.8,5,1.2,0
192,12,3,13,32,0,6,10,0.454545455,1,0,0.75,0.238095238,14.83333333,4,1.6667,0
27,3,5,3,7,0,3,3,0,1,0,0.928571429,0.666666667,7.666666667,1,0.3333,0
22,2,4,2,9,1,0,2,2,0,0,0.985507246,1,10,1,0.5,0
25,3,3,2,11,3,1,3,2,0,0,0.8,0.666666667,7.333333333,1,0.6667,0
156,9,4,5,20,28,0,9,0.78125,1,0,0.86440678,0.481481481,15.88888889,1,0.8889,0
269,26,6,5,42,233,0,19,0.8,1,0,0.857142857,0.269230769,9.115384615,3,1.3846,0
191,7,3,7,28,0,0,6,0.666666667,1,1,0.860465116,0.314285714,25.71428571,2,1,0
1,1,1,4,1,0,3,1,2,0,0,0,1,0,1,1,0
24,5,1,3,6,6,3,5,0.75,1,0,0,0.7,3.4,1,0.8,0
135,6,3,5,27,3,1,4,0.4,1,0,0.880952381,0.5,21.16666667,2,1,0
82,5,3,5,16,0,1,5,0.5,1,2,0.902439024,1,15,3,1.2,0
377,8,3,13,57,4,0,7,0.909090909,1,1,0.840909091,0.5,44.75,7,1.875,0
7,7,1,2,7,21,2,7,2,0,0,0,0.642857143,0,1,1,0
274,21,6,10,42,126,2,15,0.7875,1,0,0.871428571,0.178571429,11.66666667,4,1.381,0
1230,28,2,12,97,302,1,16,0.962962963,1,0,0.542372881,0.272321429,41.78571429,20,2.2857,0
25,0,1,1,0,0,1,0,2,0,0,0,0,0,0,0,0
44,3,2,5,12,3,1,2,2,0,0,0.92,1,13.66666667,1,0.6667,0
55,3,4,4,10,0,0,3,0,0,0,0.962264151,0.666666667,17,1,0.6667,0
615,14,3,10,90,63,1,9,0.923076923,1,0,0.74,0.222222222,42.14285714,3,1.2857,0
105,4,2,4,15,0,1,4,0.666666667,1,0,0.75,0.5,24.5,1,0.75,0
104,6,3,5,21,3,0,5,0.75,1,1,0.902439024,0.533333333,15.66666667,1,0.6667,0
1,1,1,3,1,0,2,1,2,0,0,0,1,0,1,1,0
182,2,1,6,30,0,0,0,0,1,2,0,0.6,88.5,9,4.5,0
124,7,1,14,24,11,10,7,1.083333333,0.214285714,0,0,0.357142857,14.71428571,1,0.8571,0
68,4,2,2,12,0,1,3,0.222222222,1,1,0.625,0.5,15.25,1,0.75,0
122,8,2,6,15,6,0,8,0.742857143,1,1,0.5625,0.4375,13.625,2,1.125,0
359,10,3,5,45,21,1,7,0.740740741,1,0,0.804347826,0.45,34.3,2,1.1,0
4,4,1,5,4,6,3,4,2,0,0,0,0.625,0,1,1,0
43,6,1,1,8,0,0,6,0,1,1,0,0.666666667,6,1,0.8333,0
292,13,1,7,40,58,0,11,0.833333333,1,0,0,0.32967033,20.92307692,10,1.8462,0
70,6,1,4,15,3,1,5,0.75,1,1,0,0.533333333,10,1,0.6667,0
285,20,4,7,39,148,0,16,0.923076923,0.538461538,0,0.71641791,0.375,12.6,5,1.3,0
20,2,2,1,6,1,0,1,2,0,0,0.875,0.75,9,1,0.5,0
466,31,3,16,79,365,4,29,0.905555556,1,3,0.560606061,0.20952381,13.64516129,4,1.2581,0
12,2,4,3,5,1,0,2,2,0,0,0.977777778,0.75,5,1,0.5,0
231,12,2,7,37,44,0,9,0.803030303,1,2,0.45,0.291666667,17.75,5,1.6667,0
214,8,3,5,30,8,0,7,0.714285714,1,1,0.840909091,0.5,25.25,6,1.75,0
82,3,4,3,20,3,0,1,2,0,0,0.956521739,0.5,26.33333333,6,2.3333,0
230,14,1,4,43,81,1,11,0.857142857,0.857142857,0,0,0.285714286,14.92857143,5,1.5714,0
94,11,2,8,27,21,2,9,0.733333333,1,1,0.608695652,0.4,7.272727273,1,0.8182,0
25,3,3,8,6,1,7,3,0.5,1,0,0.882352941,0.833333333,7,3,1.3333,0
74,6,1,3,11,1,1,6,0.7,1,0,0,0.555555556,10.66666667,1,0.8333,0
185,5,2,9,10,6,7,4,0.9,0.4,6,0.8,0.5,34,5,1.2,0
56,4,1,13,14,6,0,4,1,1,1,0,0.375,12.75,1,0.75,0
1,1,1,3,1,0,2,1,2,0,0,0,1,0,1,1,0
108,7,2,4,21,3,2,7,0.666666667,1,0,0.5,0.428571429,13.71428571,2,1,0
1,1,1,2,1,0,2,1,2,0,0,0,1,0,1,1,0
165,16,1,13,31,76,5,13,0.791666667,1,2,0,0.1953125,8.8125,4,1.3125,0
282,12,3,6,30,30,0,8,0.781818182,1,1,0.770833333,0.472222222,22.08333333,6,2.0833,0
24,4,1,4,5,0,3,4,0.333333333,1,0,0,0.875,4.75,1,0.75,0
372,14,3,7,46,27,0,8,0.837606838,0.666666667,0,0.74,0.214285714,24.92857143,5,1.8571,0
26,0,1,1,0,0,1,0,2,0,0,0,0,0,0,0,0
278,7,2,3,30,9,0,5,1.0625,0.375,0,0.642857143,0.555555556,36.42857143,3,1,0
131,6,3,4,17,0,0,6,0.64,1,0,0.880952381,0.555555556,20,1,0.8333,0
107,7,5,4,17,0,1,5,0.777777778,1,0,0.848484848,0.476190476,13.85714286,5,1.2857,0
4,1,5,1,2,0,0,1,2,0,0,1,1,3,0,0,0
261,12,1,19,33,66,13,10,1.045454545,0,0,0,0.259259259,20.58333333,8,1.9167,0
274,8,4,5,39,4,0,7,0.714285714,1,0,0.917647059,0.46875,32.5,5,1.375,0
625,22,3,14,62,133,10,17,0.571428571,1,0,0.588235294,0.266233766,27.22727273,9,2.8182,0
51,4,1,8,10,0,6,4,0,1,0,0,0.625,11.5,1,0.75,0
315,15,2,18,66,77,9,2,0.87755102,1,3,0.566666667,0.222222222,19.53333333,2,0.9333,0
1,1,1,5,1,0,4,1,2,0,0,0,1,0,1,1,0
198,7,4,13,26,0,6,7,0.458333333,1,2,0.853658537,0.392857143,26.71428571,5,2.5714,0
44,3,2,3,10,0,2,3,0,1,0,0.75,0.555555556,13.33333333,4,1.6667,0
615,31,1,5,70,407,2,13,0.904761905,0.904761905,2,0,0.316129032,18.16129032,11,1.4516,0
25,3,3,2,11,3,1,3,2,0,0,0.8,0.666666667,7.333333333,1,0.6667,0
85,4,2,4,13,0,1,4,0.333333333,1,0,0.75,0.5,19.75,1,0.75,0
29,4,5,5,7,0,3,4,0,1,0,0.954545455,0.625,6,1,0.25,0
56,6,1,3,11,0,0,6,0.5,1,0,0,0.375,8,3,1.1667,0
64,5,1,3,9,0,1,5,0.666666667,1,0,0,0.533333333,11.2,1,0.8,0
3,3,1,7,3,3,2,3,2,0,0,0,0.476190476,0,1,1,0
75,10,1,67,14,35,66,10,0.740740741,1,2,0,0.32,6.2,3,1.1,0
172,8,5,5,26,0,1,5,0.571428571,1,0,0.823529412,0.375,20.125,4,1.125,0
249,23,6,4,42,185,0,15,0.811688312,0.857142857,0,0.872093023,0.211180124,9.52173913,3,1.3913,0
1,1,1,9,1,0,8,1,2,0,0,0,1,0,1,1,0
0,0,1,3,0,0,1,0,2,0,0,0,0,0,0,0,0
136,8,2,8,15,20,5,7,0.914285714,0.4,4,0.615384615,0.476190476,15.375,7,1.5,0
71,5,4,5,21,10,0,4,2,0,0,0.957894737,0.533333333,13.2,2,1,0
44,4,6,8,13,6,6,4,2,0,0,0.96969697,0.625,10,2,1,0
202,3,2,3,31,3,0,1,2,0,0,0.882352941,0.666666667,66.33333333,14,5,0
376,31,5,7,51,381,0,20,0.919047619,1,0,0.743589744,0.241935484,10.67741935,4,1.5161,0
76,3,5,10,12,1,6,3,2,0,0,0.953488372,0.666666667,24.33333333,4,1.6667,0
45,3,1,1,5,0,1,3,0,1,0,0,0.666666667,13.33333333,2,1,0
265,11,5,8,49,21,2,9,0.55,1,0,0.896103896,0.363636364,22.72727273,7,1.7273,0
56,7,4,4,14,15,1,5,0.833333333,0.666666667,0,0.894736842,0.476190476,6.571428571,1,0.8571,0
1,1,1,4,1,0,3,1,2,0,0,0,1,0,1,1,0
22,3,1,1,6,1,1,2,0,1,0,0,0.666666667,6,1,0.6667,0
1254,6,3,3,32,0,0,5,0.6,1,0,0.880952381,0.555555556,207.3333333,2,1,0
101,5,2,3,8,8,2,3,0.958333333,0.166666667,5,0.8,0.625,18,1,0.4,0
322,18,3,6,55,79,0,15,0.890756303,0.857142857,3,0.698113208,0.268907563,16.11111111,3,1,0
12,2,4,2,4,1,0,1,2,0,0,0.971428571,0.75,5,1,0.5,0
610,24,3,21,96,246,9,20,0.722826087,0.875,1,0.566037736,0.154166667,24.08333333,14,2.5417,0
75,9,3,7,20,12,5,9,0.75,1,0,0.822222222,0.259259259,7,1,0.8889,0
373,7,1,2,24,19,1,3,0.666666667,0,0,0,0.416666667,52.14285714,6,2,0
178,11,4,7,33,37,0,8,0.9,0.428571429,0,0.827586207,0.386363636,14.54545455,4,1.3636,0
345,17,4,3,58,108,0,9,0.95625,0.4,1,0.8,0.254901961,18.70588235,4,1.5882,0
307,22,4,7,45,183,0,18,0.949579832,0.470588235,0,0.695652174,0.386363636,12.18181818,11,1.5455,0
110,8,3,10,15,0,6,5,0.595238095,0.833333333,2,0.833333333,0.571428571,12,2,1.375,0
156,9,1,5,24,4,5,3,0.416666667,1,0,0,0.3125,16,6,1.8889,0
260,11,3,9,38,29,0,9,0.888888889,0.666666667,3,0.804347826,0.228571429,21.81818182,2,1,0
149,2,2,8,26,1,1,2,2,0,0,0.958333333,1,73.5,1,0.5,0
123,6,2,7,31,3,1,5,0.7,0.5,1,0.6,0.55,19.16666667,2,0.8333,0
703,20,1,5,54,138,1,13,0.789473684,0.421052632,6,0,0.177631579,33.2,11,2.3,0
152,8,3,5,25,16,1,7,0.761904762,1,0,0.840909091,0.75,17.625,3,1.375,0
234,16,4,7,38,84,0,14,0.943589744,0.461538462,0,0.761904762,0.375,12.8125,6,1.3125,0
312,15,3,27,41,57,17,13,0.818181818,1,0,0.725490196,0.45,19.06666667,4,1.1333,0
240,12,3,15,47,44,9,6,0.781818182,0.4,1,0.75,0.254545455,18.58333333,6,2.1667,0
5,5,1,11,5,10,7,5,2,0,0,0,0.5,0,1,1,0
2,2,1,6,2,1,6,2,2,0,0,0,0.75,0,1,1,0
152,4,1,8,26,6,4,2,2,0,0,0,0.75,37,7,2.25,0
11,1,5,1,4,0,0,1,2,0,0,1,1,9,0,0,0
1,1,1,36,1,0,35,1,2,0,0,0,1,0,1,1,0
52,4,6,4,16,0,0,3,0.333333333,1,0,0.973913043,0.75,11.75,2,1,0
81,5,4,1,9,10,1,3,0.75,1,0,0.924528302,0.44,15,5,2,0
1,1,1,3,1,0,2,1,2,0,0,0,1,0,1,1,0
1,1,1,4,1,0,2,1,2,0,0,0,1,0,1,1,0
4,4,1,6,4,6,3,4,2,0,0,0,0.625,0,1,1,0
121,3,1,1,23,1,0,3,0.666666667,0.666666667,0,0,0.666666667,38.33333333,5,1.6667,0
25,2,3,3,7,1,0,2,2,0,0,0.96969697,1,11.5,1,0.5,0
20,4,1,2,7,6,1,4,2,0,0,0,0.875,4,1,0.75,0
89,3,1,4,19,1,0,2,0.5,1,0,0,0.5,28.33333333,1,0.3333,0
47,2,1,1,11,0,1,1,0,1,0,0,0.833333333,22,3,1.5,0
167,8,3,11,33,4,0,6,0.771428571,1,4,0.810810811,0.25,19.25,5,2,0
25,3,3,2,11,3,1,3,2,0,0,0.8,0.666666667,7.333333333,1,0.6667,0
3,3,1,38,3,3,38,3,2,0,0,0,1,0,1,1,0
134,5,4,6,17,0,1,5,0.55,0,0,0.927272727,0.533333333,24.8,1,0.8,0
9,2,4,2,4,1,2,2,2,0,0,1,0.75,3.5,0,0,0
468,14,3,9,52,15,1,10,0.730769231,0,1,0.74,0.214285714,31.85714286,2,1.0714,0
12,3,2,1,5,3,0,3,2,0,0,0.954545455,0.555555556,3,1,0.6667,0
5,1,3,6,2,0,6,1,2,0,0,1,1,4,0,0,0
141,9,1,17,23,0,14,8,0.5,1,1,0,0.288888889,14.11111111,4,1.3333,0
70,6,2,4,12,0,4,6,0,1,0,0.5,0.458333333,10.33333333,1,0.8333,0
2,2,1,20,2,1,18,2,2,0,0,0,1,0,1,1,0
333,22,4,8,46,189,0,16,0.919413919,0.538461538,0,0.695652174,0.397727273,13.54545455,8,1.5455,0
119,4,2,7,18,6,1,3,2,0,0,0.625,0.5,28.75,1,0.75,0
34,7,5,3,8,15,2,4,0.833333333,1,0,0.93814433,0.476190476,3.428571429,1,0.8571,0
12,2,1,2,3,0,2,1,0,1,0,0,0.75,4.5,1,0.5,0
185,17,4,8,41,104,3,14,0.8125,1,0,0.791044776,0.328125,9.764705882,4,1.2941,0
319,19,4,19,41,23,5,19,0.688888889,1,1,0.604651163,0.119298246,15.52631579,6,1.2105,0
146,12,1,2,21,42,2,4,0.654545455,0.8,0,0,0.263888889,10.75,1,0.8333,0
202,15,2,6,43,95,1,15,0.946428571,0.75,1,0.813333333,0.266666667,12.2,2,1.0667,0
1,1,1,2,1,0,2,1,2,0,0,0,1,0,1,1,0
58,6,1,3,14,0,2,6,0,1,0,0,0.533333333,8.5,1,0.6667,0
3,3,1,3,3,3,2,3,2,0,0,0,0.666666667,0,1,1,0
189,25,3,35,39,0,9,25,0,1,0,0.555555556,0.08,6.52,1,0.96,0
5,1,3,1,2,0,1,1,2,0,0,1,1,4,0,0,0
1,1,1,4,1,0,3,1,2,0,0,0,1,0,1,1,0
80,2,2,6,20,1,1,2,2,1,0,0.75,0.75,38.5,1,0.5,0
55,7,3,3,16,13,0,6,0.75,0.5,0,0.8,0.833333333,6.571428571,2,0.8571,0
96,4,2,6,14,0,1,3,0,1,1,0.916666667,0.5,22.75,5,1.75,0
55,3,4,4,10,0,0,3,0,0,0,0.962264151,0.666666667,17,1,0.6667,0
92,7,4,6,28,21,0,6,2,0,0,0.93814433,0.428571429,12.14285714,2,1,0
1,1,1,4,1,0,3,1,2,0,0,0,1,0,1,1,0
1095,33,1,70,121,440,54,25,0.860119048,0.80952381,7,0,0.110576923,31.54545455,11,1.9697,0
796,29,3,18,96,294,2,16,0.897619048,0.933333333,4,0.578125,0.162698413,25.93103448,5,1.3793,0
163,7,5,6,31,0,0,6,0.25,1,0,0.947916667,0.285714286,22,5,1.4286,0
7,2,3,2,3,1,2,2,2,0,0,0.909090909,0.75,2.5,1,0.5,0
217,11,4,6,35,9,0,8,0.7,1,2,0.886363636,0.363636364,18.36363636,3,1.4545,0
22,0,1,2,0,0,2,0,2,0,0,0,0,0,0,0,0
17,2,3,1,5,1,0,2,2,0,0,1,1,7.5,0,0,0
48,4,3,4,10,2,0,4,0.666666667,1,0,0.925,0.5,10.5,1,0.75,0
323,9,4,7,37,10,1,6,0.9296875,1,1,0.86440678,0.277777778,33.11111111,4,1.4444,0
122,11,4,8,38,55,0,10,2,0,0,0.900990099,0.303030303,10.09090909,2,1,0
211,6,1,5,26,15,1,0,2,0,0,0,0.4,34.16666667,3,1.3333,0
108,2,3,7,17,1,1,1,2,0,0,0.987179487,0.625,53,8,4,0
217,9,5,4,28,12,0,8,0.5,1,0,0.8,0.481481481,22.66666667,1,0.7778,0
178,5,3,7,31,4,0,4,0.75,1,1,0.925,0.5,34,11,2.6,0
298,13,4,4,22,56,0,12,0.946969697,1,0,0.822580645,0.472222222,21.07692308,4,1.0769,0
10,2,4,1,5,1,0,2,2,0,0,0.985507246,0.75,4,1,0.5,0
194,8,2,4,18,2,1,7,0.69047619,1,0,0.5625,0.35,22.5,4,1.5,0
190,8,3,8,32,0,1,8,0.775510204,0.857142857,1,0.840909091,0.8125,21.875,3,1.25,0
534,38,3,16,68,601,4,13,0.92845787,1,1,0.5,0.289473684,12.60526316,5,1.3684,0
72,7,1,5,12,11,1,7,0.666666667,1,0,0,0.571428571,8.857142857,5,1.4286,0
18,1,5,1,8,0,0,1,2,0,0,1,1,17,0,0,0
2,2,1,6,2,1,4,2,2,0,0,0,1,0,1,1,0
24,5,5,2,9,10,0,2,2,0,0,0.961538462,0.4,3.8,1,0.6,0
221,10,5,7,32,0,1,7,0.688888889,1,0,0.777777778,0.3,20.6,5,1.2,0
67,6,4,64,17,15,59,5,2,0,0,0.956043956,0.583333333,10.16666667,2,1.1667,0
100,4,1,6,18,0,0,4,0.333333333,1,1,0,0.5,23.5,3,1.25,0
148,5,3,4,18,0,0,5,0.5,1,0,0.888888889,0.8,28,1,0.8,0
10,10,1,5,10,45,4,10,2,0,0,0,0.36,0,1,1,0
68,4,4,3,14,6,0,3,2,0,0,0.961038961,0.5,16,2,1,0
26,4,3,3,7,0,0,4,0,1,0,0.869565217,0.625,5.25,1,0.75,0
11,3,2,4,5,3,1,3,2,0,0,0.818181818,0.666666667,2.666666667,1,0.6667,0
135,6,3,4,24,1,0,6,0.7,1,0,0.880952381,0.416666667,20.83333333,1,0.8333,0
261,6,3,7,28,9,2,6,0.85,0.25,0,0.880952381,0.375,41.83333333,4,1.3333,0
182,8,3,6,36,18,1,4,1,0.428571429,1,0.860465116,0.285714286,20.875,1,0.75,0
88,9,1,4,19,14,3,9,0.65625,1,0,0,0.518518519,8.333333333,1,0.8889,0
123,9,1,7,21,16,0,9,0.85,1,1,0,0.311111111,12.11111111,7,1.6667,0
586,9,4,9,61,14,0,7,0.770833333,1,1,0.906976744,0.333333333,63.44444444,8,2.1111,0
860,28,3,13,85,248,5,24,0.87654321,0.952380952,3,0.526315789,0.189285714,28.96428571,28,3.3214,0
145,3,2,10,23,3,1,2,2,0,0,0.92,1,47.33333333,10,3.6667,0
33,3,4,3,9,3,0,3,2,0,0,0.972222222,0.555555556,10,4,1.3333,0
98,6,3,5,22,7,1,4,0.866666667,1,0,0.925373134,0.458333333,14.83333333,2,1.1667,0
0,0,1,4,0,0,2,0,2,0,0,0,0,0,0,0,0
345,9,3,8,38,14,1,7,0.875,1,0,0.766666667,0.375,36.55555556,3,1.2222,0
109,5,4,7,27,4,0,4,0.916666667,0.333333333,0,0.923076923,0.466666667,20.2,2,1,0
173,12,4,6,45,66,0,11,2,0,0,0.892156863,0.305555556,13.41666667,5,1.4167,0
1,1,1,3,1,0,2,1,2,0,0,0,1,0,1,1,0
369,13,3,10,36,20,0,9,0.716666667,1,1,0.755102041,0.211538462,27,6,1.4615,0
50,3,2,6,15,3,0,2,2,0,0,0.92,1,15.66666667,1,0.6667,0
129,10,1,6,26,41,1,5,0.833333333,1,1,0,0.37037037,11.7,3,1.4,0
43,7,1,6,8,3,6,7,0.666666667,1,0,0,0.476190476,4.714285714,1,0.8571,0
198,25,2,27,38,0,8,21,0.666666667,1,0,0.28125,0.092,6.8,2,0.96,0
399,26,4,4,34,203,0,26,0.88,1,0,0.671052632,0.487179487,13.88461538,1,0.9615,0
377,20,4,7,52,154,0,19,0.942982456,0.5,0,0.693548387,0.3,17.25,6,1.2,0
74,2,1,2,9,0,0,2,0,1,1,0,0.6,35,1,0.5,0
74,4,4,7,19,6,0,4,2,0,0,0.947368421,0.875,17.5,2,1,0
221,4,1,14,27,4,1,1,0.777777778,0.333333333,0,0,0.333333333,53.5,3,1.25,0
60,9,3,0,16,34,0,8,0,1,0,0.8,0.666666667,5.555555556,2,1,0
377,14,5,12,41,29,6,13,0.875739645,0.538461538,2,0.76,0.196581197,25,9,2.2857,0
492,14,5,14,69,25,1,14,0.837606838,0.777777778,2,0.805970149,0.241071429,33.5,17,2.5,0
72,6,4,7,16,9,1,5,0.8,1,1,0.933333333,0.7,10.5,3,1.1667,0
507,21,3,12,61,144,1,15,0.836363636,1,3,0.660714286,0.1875,22.61904762,4,1.4286,0
127,4,1,2,17,6,1,3,2,0,0,0,0.375,30.75,6,2.5,0
35,4,1,5,7,4,3,4,0.333333333,1,1,0,0.583333333,7.5,2,1,0
108,7,2,4,21,3,2,7,0.666666667,1,0,0.5,0.428571429,13.71428571,2,1,0
141,8,3,6,27,0,0,8,0.685714286,1,0,0.840909091,0.35,16,1,0.875,0
66,7,1,3,15,21,2,7,2,0,0,0,0.523809524,8.428571429,1,0.8571,0
45,4,1,4,8,4,0,3,0.666666667,1,1,0,0.555555556,10,1,0.5,0
12,2,1,0,3,0,0,1,0,1,0,0,0.75,4.5,1,0.5,0
130,12,4,8,41,66,0,11,2,0,0,0.892156863,0.305555556,9.833333333,2,1,0
14,3,3,3,5,1,0,2,0.5,1,0,0.973684211,1,3.333333333,1,0.3333,0
10,2,2,5,4,1,4,2,2,0,0,1,0.666666667,4,0,0,0
23,2,3,3,7,1,1,2,2,0,0,0.96969697,1,10.5,1,0.5,0
13,2,5,3,3,0,2,2,0,1,0,0.954545455,0.75,5,1,0.5,0
120,9,4,6,25,18,0,8,0.875,0.5,0,0.843137255,0.361111111,11.66666667,4,1.2222,0
2,2,1,4,2,1,3,2,2,0,0,0,0.666666667,0,1,1,0
146,5,4,10,27,2,0,3,0.625,1,1,0.913043478,0.36,27.8,5,2,0
66,2,2,6,13,1,1,2,2,1,0,0.958333333,1,31.5,1,0.5,0
163,2,2,10,22,1,1,2,1.25,0.25,0,0.958333333,1,78.5,1,0.5,0
81,4,4,4,13,0,0,4,0.333333333,1,0,0.944444444,0.5,18.75,1,0.75,0
251,10,5,5,25,0,1,6,0.703703704,1,1,0.777777778,0.375,23.2,5,1.6,0
17,4,3,3,5,4,1,4,0.666666667,1,0,0.925,0.625,3,1,0.75,0
134,10,4,6,32,41,1,9,0.888888889,1,0,0.883333333,0.407407407,12.2,3,1.3,0
707,42,4,15,92,753,3,36,0.948350072,0.941176471,4,0.655462185,0.140692641,15.42857143,5,1.4048,0
254,16,1,6,40,80,3,10,0.858333333,0.875,2,0,0.241071429,14.375,3,1.375,0
246,9,2,2,23,0,2,9,0.5,1,0,0.5625,0.333333333,25.88888889,1,0.7778,0
266,9,5,15,34,4,6,9,0.785714286,0.428571429,0,0.826086957,0.296296296,27.77777778,11,2.8889,0
378,14,3,6,34,65,0,14,0.91025641,1,1,0.74,0.595238095,25.14285714,2,1,0
4,1,6,3,2,0,2,1,2,0,0,1,1,3,0,0,0
17,3,1,4,7,3,1,3,2,0,0,0,0.555555556,4.666666667,1,0.6667,0
471,29,3,89,59,328,85,27,0.880952381,0.777777778,0,0.566037736,0.234693878,14.93103448,6,2.0345,0
195,6,4,7,29,0,0,5,0.76,1,0,0.910714286,0.416666667,30.66666667,1,0.8333,0
214,10,3,5,41,21,0,5,0.666666667,1,0,0.804347826,0.433333333,20,2,1,0
144,5,3,8,26,10,1,3,2,0,0,0.882352941,0.4,27.8,6,3,0
19,3,1,0,7,0,0,3,0,1,0,0,0.666666667,5,1,0.6667,0
94,6,3,5,17,5,0,5,0.733333333,1,0,0.880952381,0.5,14.16666667,1,0.8333,0
264,7,1,12,46,21,4,0,2,0,0,0,0.30952381,36.71428571,9,2,0
52,4,6,4,16,0,0,3,0.333333333,1,0,0.973913043,0.75,11.75,2,1,0
153,15,4,499,30,0,498,15,0.392857143,1,1,0.619047619,0.322222222,9.066666667,2,0.6667,0
19,3,1,2,5,3,2,3,2,0,0,0,0.5,5.333333333,1,0.6667,0
130,9,1,62,22,28,61,8,0.75,0.666666667,0,0,0.481481481,13.11111111,5,1.4444,0
280,6,2,15,56,13,1,3,0.8,0,1,0.615384615,0.583333333,45.5,5,2.1667,0
386,14,3,7,43,57,0,10,0.769230769,1,1,0.74,0.314285714,26.07142857,2,1.1429,0
822,34,3,12,86,0,2,27,0.998521803,1,1,0.536231884,0.308080808,21.97058824,4,1.5588,0
156,10,2,6,26,9,2,7,0.722222222,1,1,0.5,0.25,14,3,1.1,0
24,3,1,1,5,3,1,3,2,0,0,0,0.666666667,7,4,1.6667,0
34,3,2,4,6,0,1,3,0,1,0,0.818181818,0.666666667,10,2,1,0
265,2,1,6,23,1,3,2,2,0,0,0,0.5,131.5,1,0.5,0
3,1,1,13,1,0,11,1,2,0,0,0,1,0,1,1,0
81,5,4,5,18,10,0,4,2,0,0,0.948717949,0.8,15.2,3,1.2,0
8,2,1,6,4,1,4,2,2,0,0,0,0.75,3,1,0.5,0
503,28,4,20,78,142,1,26,0.785185185,1,1,0.742857143,0.183035714,16.78571429,3,1.1429,0
977,31,3,19,107,391,0,28,0.922807018,0.894736842,5,0.560606061,0.15,29.90322581,3,1.129,0
116,3,2,8,24,3,1,2,2,0,0,0.92,0.555555556,37.66666667,4,1.6667,0
671,25,3,18,91,218,0,18,0.889880952,1,2,0.616666667,0.325,25.28,10,1.56,0
302,21,4,7,45,168,0,16,0.923076923,0.538461538,0,0.705882353,0.392857143,12.76190476,7,1.4762,0
202,6,1,1,16,11,1,2,0.85,1,0,0,0.361111111,32,1,0.8333,0
552,13,1,24,82,22,5,13,0.783333333,0.9,4,0,0.147435897,40.69230769,6,1.3846,0
165,8,2,5,19,8,0,7,1,0.3,0,0.5625,0.6875,18.375,2,1,0
115,1,1,1,13,0,1,0,2,0,0,0,1,100,0,0,0
87,5,4,3,17,10,0,4,2,0,0,0.948717949,0.533333333,16.4,3,1.2,0
2,2,1,4,2,1,4,2,2,0,0,0,0.75,0,1,1,0
203,12,2,8,41,48,1,9,0.636363636,1,0,0.744186047,0.21875,15.75,7,1.5833,0
281,8,3,2,40,10,0,8,0.714285714,1,0,0.840909091,0.325,33.625,4,1.25,0
84,6,2,6,16,1,5,6,0.6,1,0,0.545454545,0.444444444,12.33333333,2,1,0
135,6,1,3,25,0,1,6,0.3,1,0,0,0.444444444,21.16666667,4,2,0
1,1,1,3,1,0,3,1,2,0,0,0,1,0,1,1,0
101,3,1,4,19,0,1,2,0.75,0.5,0,0,0.666666667,32,1,0.6667,0
4,1,2,3,2,0,2,1,2,0,0,1,1,3,0,0,0
108,4,4,4,14,0,0,4,0.5,0.5,0,0.944444444,0.75,25.5,1,0.75,0
147,4,3,3,18,4,0,3,0.666666667,1,0,0.925,0.75,35.5,1,0.75,0
137,5,2,9,25,4,1,3,0.75,0.5,0,0.8125,0.5,26,2,1,0
42,7,1,6,9,15,6,7,0.833333333,1,0,0,0.714285714,4.571428571,1,0.8571,0
13,2,5,4,3,0,3,2,0,1,0,0.954545455,0.75,5,1,0.5,0
35,3,3,4,11,0,0,3,0,1,1,0.9375,0.666666667,10.33333333,2,1,0
150,7,5,4,23,0,1,5,0.555555556,1,0,0.848484848,0.476190476,20,4,1.1429,0
247,11,3,10,39,0,0,11,0.7,1,1,0.787234043,0.454545455,21.09090909,2,1.4545,0
140,17,4,8,32,16,0,16,0.822916667,1,2,0.68627451,0.235294118,6.882352941,1,0.9412,0
284,8,1,5,16,6,5,7,0.571428571,1,0,0,0.541666667,34.25,13,2.375,0
874,28,3,17,105,344,7,13,0.864197531,0.555555556,4,0.535714286,0.243386243,29.89285714,9,2.0714,0
79,4,1,8,14,6,1,3,0.666666667,0,0,0,0.333333333,18.25,2,1,0
1107,8,1,2,9,0,2,0,0.428571429,0,0,0,0.714285714,137.125,3,1.125,0
171,5,2,10,34,10,1,2,1.25,0.333333333,0,0.851851852,0.466666667,32.6,7,2,0
71,3,4,5,20,3,0,1,1,0,0,0.961538462,1,22.33333333,3,1.6667,0
105,7,1,1,11,7,1,7,0.333333333,1,0,0,0.714285714,13.57142857,7,1.4286,0
89,8,1,4,17,16,3,7,0.285714286,1,0,0,0.4375,10,6,1.875,0
90,7,2,6,21,0,2,4,0.333333333,1,0,0.6,0.464285714,11.57142857,3,1.2857,0
223,12,1,8,31,46,2,12,0.836363636,1,0,0,0.270833333,17.16666667,1,0.9167,0
109,8,1,9,13,12,8,8,0.428571429,1,0,0,0.5,12.25,3,1.125,0
1,1,1,14,1,0,13,1,2,0,0,0,1,0,1,1,0
52,3,5,7,14,3,6,3,2,0,0,0.96875,0.555555556,16.33333333,3,1.6667,0
105,3,2,10,16,3,0,2,2,0,0,0.8,0.666666667,34,2,1,0
2,2,1,4,2,1,3,2,2,0,0,0,0.75,0,1,1,0
888,64,5,15,111,1836,3,38,0.945578231,1,1,0.58,0.12109375,12.546875,6,1.4844,0
386,12,1,9,46,34,0,11,0.715909091,1,0,0,0.333333333,30.5,3,1.1667,0
32,3,3,3,10,0,0,3,0,1,0,0.948717949,0.666666667,9.333333333,1,0.6667,0
108,7,2,4,21,3,2,7,0.666666667,1,0,0.5,0.428571429,13.71428571,2,1,0
14,14,1,5,14,91,5,14,2,0,0,0,0.271428571,0,1,1,0
4,4,1,5,4,6,2,4,2,0,0,0,0.4,0,1,1,0
355,13,3,7,52,48,0,7,0.892857143,1,1,0.755102041,0.195804196,25.76923077,2,1.0769,0
850,23,1,15,56,191,11,16,0.807359307,0.333333333,7,0,0.1875,35.04347826,11,2.4783,0
16,4,1,8,5,6,7,4,2,0,0,0,0.875,3,1,0.75,0
155,13,1,12,32,70,10,9,0.833333333,1,1,0,0.083333333,10.61538462,2,0.9231,0
20,2,2,1,6,1,0,1,2,0,0,0.875,0.75,9,1,0.5,0
327,42,3,47,98,0,21,40,0,1,1,0.474358974,0.073412698,6.761904762,6,1.1667,0
1367,33,1,22,135,316,7,10,0.940625,0.6,5,0,0.17630854,39.81818182,10,2.0909,0
122,8,4,16,25,28,13,5,2,0,0,0.88,0.3125,14.25,6,1.75,0
143,7,2,2,15,0,2,5,0.866666667,1,0,0.454545455,0.392857143,18.71428571,1,0.8571,0
97,4,1,11,18,6,1,2,2,0,0,0,0.5,23.25,1,0.75,0
214,12,3,11,28,36,5,10,0.727272727,1,2,0.731707317,0.555555556,16.25,1,0.9167,0
51,5,2,7,14,0,6,5,0.375,1,0,0.6,0.466666667,8.8,1,0.8,0
135,9,1,8,21,22,1,7,0.541666667,1,0,0,0.666666667,13.66666667,4,1.2222,0
37,4,2,4,8,0,1,4,0.333333333,1,0,0.75,0.625,8,3,1.25,0
25,2,4,4,8,1,0,2,2,0,0,0.980769231,1,11.5,1,0.5,0
362,16,4,19,56,60,5,14,0.80952381,1,2,0.838709677,0.25,21.1875,2,1,0
109,15,1,7,24,77,2,13,0.871428571,1,2,0,0.333333333,5.933333333,2,1,0
134,11,1,150,26,41,149,9,0.56,0.8,2,0,0.3,10.72727273,4,1,0
143,9,6,12,28,6,4,4,0.125,1,0,0.953125,0.288888889,14.77777778,4,1.5556,0
129,4,4,5,26,6,0,1,1.166666667,0.5,0,0.942307692,1,30.75,5,2,0
177,9,3,3,20,34,1,9,0.625,1,1,0.761904762,0.333333333,18.55555556,4,1.1111,0
300,28,1,11,52,282,7,28,0.919753086,1,3,0,0.13961039,9.285714286,3,1.2857,0
129,10,1,6,20,39,1,7,0.555555556,1,0,0,0.525,11.8,4,1.2,0
95,3,2,5,16,3,0,2,2,0,0,0.818181818,0.666666667,30.66666667,2,1,0
1006,36,3,12,111,528,0,32,0.947142857,1,0,0.513888889,0.222222222,26.38888889,3,1.0833,0
52,3,5,9,14,3,8,3,2,0,0,0.96875,0.555555556,16.33333333,3,1.6667,0
1,1,1,22,1,0,21,1,2,0,0,0,1,0,1,1,0
23,2,3,3,7,1,1,2,2,0,0,0.96969697,1,10.5,1,0.5,0
209,7,5,15,32,1,6,7,0.625,0.75,2,0.863636364,0.342857143,28.28571429,9,2.5714,0
70,6,5,4,13,9,0,2,0.6,1,0,0.961538462,0.4,10.5,1,0.5,0
285,13,3,9,41,48,1,7,0.583333333,1,0,0.703703704,0.355769231,20.69230769,1,0.6154,0
289,13,3,11,40,0,3,10,0.375,1,0,0.714285714,0.179487179,21.07692308,4,2,0
451,14,1,16,86,41,3,8,0.891025641,0.833333333,2,0,0.243589744,30.35714286,3,1,0
185,3,2,6,32,3,0,1,2,0,0,0.882352941,0.666666667,60.66666667,12,4.3333,0
1,1,1,4,1,0,4,1,2,0,0,0,1,0,1,1,0
335,7,1,2,36,0,2,5,0.555555556,0.666666667,1,0,0.642857143,45.57142857,9,3.2857,0
11,2,4,2,5,1,0,1,2,0,0,0.971428571,0.75,4.5,1,0.5,0
107,5,5,3,19,4,1,4,0.25,1,0,0.903225806,0.7,20.2,1,0.6,0
53,5,1,8,13,10,2,2,2,0,0,0,0.56,9.6,1,0.8,0
20,3,1,6,4,3,6,3,2,0,0,0,0.5,5.666666667,2,1,0
49,3,3,3,8,1,2,3,0,1,1,0.9375,0.666666667,14.33333333,4,1.3333,0
104,7,1,6,25,1,1,6,0.611111111,1,0,0,0.342857143,13.42857143,3,1.1429,0
184,18,3,10,43,61,2,16,0.857142857,1,1,0.685185185,0.388888889,8.833333333,1,0.9444,0
297,16,1,9,39,82,4,14,0.766666667,1,0,0,0.2109375,17.1875,8,2.125,0
25,3,3,2,11,3,1,3,2,0,0,0.8,0.666666667,7.333333333,1,0.6667,0
82,3,4,6,22,3,0,1,1,0,0,0.961538462,1,26,3,1.6667,0
46,4,3,4,16,0,1,4,0.333333333,1,0,0.727272727,0.5,10.25,1,0.75,0
14,2,3,3,4,0,1,1,0,1,1,0.916666667,0.666666667,5.5,1,0.5,0
146,10,3,9,20,21,7,5,0.814814815,1,1,0.692307692,0.228571429,13.3,1,0.8,0
103,7,4,9,22,21,4,6,2,0,0,0.945652174,0.571428571,13.71428571,3,1.4286,0
82,3,2,7,18,3,1,1,1.25,0,0,0.666666667,0.583333333,25.66666667,1,0.6667,0
112,4,4,10,20,2,0,4,0.666666667,1,1,0.931818182,0.5,26.5,4,2,0
79,4,1,8,14,6,1,3,0.666666667,0,0,0,0.333333333,18.25,2,1,0
169,6,4,7,27,0,2,4,0,1,0,0.871794872,0.305555556,27,6,3.1667,0
298,10,1,4,23,0,4,10,0,1,0,0,0.36,28.7,6,2.6,0
1,1,1,23,1,0,23,1,2,0,0,0,1,0,1,1,0
409,23,4,6,64,213,2,18,0.738636364,1,1,0.746478873,0.194805195,16.60869565,6,1.9565,0
459,14,1,10,45,3,0,12,0.576923077,0.333333333,0,0,0.267857143,31.35714286,6,2.7143,0
1711,39,1,26,154,449,13,26,0.878446115,0.714285714,3,0,0.178947368,42.33333333,13,2.5641,0
108,5,1,1,19,0,1,3,0.5,1,0,0,0.533333333,20.2,3,1.4,0
331,18,5,14,44,77,2,16,0.713235294,1,3,0.636363636,0.240740741,16.94444444,6,1.4444,0
348,24,3,14,65,222,2,13,0.937888199,0.928571429,3,0.616666667,0.238095238,12.91666667,4,1.5417,0
160,6,2,5,23,9,1,3,1.05,1,0,0.864864865,0.555555556,25,4,1.8333,0
53,3,4,4,11,0,0,3,0,1,0,0.962264151,0.666666667,16.33333333,1,0.6667,0
46,6,3,10,10,3,7,6,0.4,1,0,0.857142857,0.5,6.5,3,1.5,0
141,7,3,9,26,0,5,6,0,1,0,0.857142857,0.314285714,19,3,1.5714,0
83,2,1,2,18,0,0,2,0,1,0,0,0.75,40,6,3,0
